Feature,MW_U_Stat,MW_p_value,MW_EffectSize_r,Spearman_rho_Stage,Spearman_p_Stage,KW_Stat_Hist,KW_p_value,KW_EffectSize_eta2,MW_p_FDR,Spearman_p_FDR,KW_p_FDR
original_shape_Elongation,7854.0,0.16662413891097672,0.12265415549597858,-0.11105240781183966,0.02283650156499116,2.7754287286575163,0.2496452511296602,0.0024695182441322175,0.7731864137461557,0.04055079717147963,0.41245737143161254
original_shape_Flatness,8526.0,0.5917929299783624,0.0475871313672922,-0.17964686667152982,0.0002148833934948844,1.6982414463880104,0.4277909132565232,-0.0009610145019490113,0.8716329976425493,0.001023293703214128,0.5688372593390764
original_shape_MajorAxisLength,10391.0,0.0698502211996804,0.16074620196604106,0.2584054192738127,7.810611997222326e-08,3.23712835843412,0.19818305023847355,0.00393989923068191,0.7731864137461557,7.42008139736121e-06,0.3474428012325172
original_shape_Maximum2DDiameterColumn,9949.5,0.20894182140380713,0.11142761394101885,0.2475427109575656,2.7741040188462344e-07,0.1550780627966109,0.9253909043907568,-0.0058755475707114296,0.779134932346184,1.3176994089519613e-05,0.9452917840550741
original_shape_Maximum2DDiameterRow,10579.0,0.04038215585059119,0.18174709562109026,0.2728113451130799,1.327790015438218e-08,0.28388103035370815,0.8676728683179589,-0.0054653470370901016,0.7060697569286919,2.522801029332614e-06,0.9148772656542183
original_shape_Maximum2DDiameterSlice,10224.5,0.10892337416043371,0.1421470062555854,0.23643324913946293,9.551929062625013e-07,0.1648771158607486,0.9208680161554076,-0.005844340395347934,0.7731864137461557,2.639170840682047e-05,0.9452917840550741
original_shape_SurfaceVolumeRatio,7675.0,0.1076778066439936,0.1426496872207328,-0.1547240667190449,0.0014695834910826084,0.06588756848896082,0.9675929520289953,-0.006159593730926876,0.7731864137461557,0.003679334350187841,0.9743490952717948
original_firstorder_Median,10062.0,0.1620362270129888,0.12399463806970501,0.21579408845322412,8.121264515460402e-06,1.9961705403673022,0.36858450569489953,-1.2195731314324085e-05,0.7731864137461557,0.00010584643411643704,0.5345882143666482
original_firstorder_Skewness,8767.0,0.8161360597551344,0.02066577301161754,-0.20908010298504312,1.5607596405986864e-05,0.8971849739397157,0.6385262534503108,-0.0035121497645231982,0.9329946901539725,0.00014527990076673394,0.740309134831343
original_glrlm_GrayLevelVariance,8960.0,0.9924585610217754,0.0008936550491509543,-0.15867221695556089,0.0011031136195396027,2.6543961552241626,0.26521934520461443,0.002084064188611983,0.9977096645192451,0.0031516762183954887,0.4164601288336921
original_glrlm_RunEntropy,9134.0,0.8190735106421693,0.020330652368185875,-0.15749760098482007,0.0012022140657947141,0.6568862245840137,0.7200438887072185,-0.004277432405783396,0.9329946901539725,0.0033104445289999372,0.81433535032364
original_glrlm_ShortRunHighGrayLevelEmphasis,8740.0,0.7898198881546803,0.023681858802502287,0.1488274620388931,0.002228099763988439,4.103906338441675,0.12848370793013905,0.006700338657457563,0.9329946901539725,0.005449653061701368,0.27124338340807136
original_glszm_GrayLevelVariance,8754.0,0.8034374409047265,0.022117962466487895,-0.037360161833339005,0.44508165963246216,7.226554205303387,0.026963340289030063,0.016645077086953463,0.9329946901539725,0.5094308152419748,0.1280758663728928
original_glszm_ZoneEntropy,9699.0,0.34681639206962,0.0834450402144773,0.08158495356894786,0.09495982005545024,1.644895439967513,0.43935491945432736,-0.0011309062421416781,0.779134932346184,0.13464452097414586,0.5688372593390764
original_gldm_DependenceVariance,9868.0,0.24859614433450428,0.1023235031277927,0.0963697509499912,0.04841563025800119,4.923996412445149,0.08526440476665949,0.009312090485494105,0.779134932346184,0.07665808124183522,0.22500329035646252
original_gldm_LargeDependenceHighGrayLevelEmphasis,9623.0,0.3981092788599655,0.07495531724754234,0.1765688783791094,0.00027646271971532883,3.8709139168026923,0.14435828801693484,0.005958324575804752,0.7810816929598434,0.001193816289679829,0.28132787410508536
original_gldm_LargeDependenceLowGrayLevelEmphasis,10764.0,0.022432910739603733,0.2024128686327078,0.1303817739384664,0.007461843165404881,5.276812052749619,0.07147510824174703,0.010435707174361845,0.5327816300655887,0.015244625821794918,0.20968668847817967
original_ngtdm_Complexity,7880.0,0.1768985676855589,0.11974977658623776,-0.04395121939022767,0.36892876185897383,8.527834370146934,0.01406709094532146,0.020789281433588963,0.7744021699598665,0.4399896447747002,0.10119824017967094
wavelet-LLH_firstorder_90Percentile,8476.0,0.5490044906451412,0.05317247542448611,-0.16628236999416504,0.0006228416366832953,0.4770288932504627,0.7877973071624772,-0.004850226454616361,0.8444163400357283,0.0021516347449059294,0.8504630020504015
wavelet-LLH_firstorder_Kurtosis,9970.0,0.19973314306143652,0.11371760500446837,0.254944190172353,1.177141639831809e-07,1.1503667898042522,0.5626016810649572,-0.002705838249031044,0.779134932346184,7.455230385601457e-06,0.6900850256139747
wavelet-LLH_firstorder_Maximum,10100.0,0.148136333895156,0.12823949955317238,0.16012408369909106,0.0009910338855450703,3.8247433426520274,0.14772960472270752,0.0058112845307389405,0.7731864137461557,0.0030174735513991144,0.28132787410508536
wavelet-LLH_firstorder_Mean,10300.0,0.0894705368035258,0.15058087578194823,0.2259387635208945,2.908418923121309e-06,1.4424675198396244,0.48615209084165345,-0.0017755811470075657,0.7731864137461557,5.023632685391352e-05,0.61171455139016
wavelet-LLH_firstorder_Median,10157.0,0.12901933691366888,0.13460679177837354,0.23626949857956062,9.723260991986488e-07,1.5414137746358847,0.4626858858993703,-0.0014604656858729786,0.7731864137461557,2.639170840682047e-05,0.5892342154084205
wavelet-LLH_firstorder_Minimum,9007.0,0.9452411183111098,0.00614387846291331,-0.12796812674492972,0.00865083196188278,4.389596431707787,0.11138103416439445,0.0076101797188146076,0.9965688941443325,0.017485724178273702,0.2498540346369113
wavelet-LLH_firstorder_Range,9633.0,0.3911104080065646,0.07607238605898115,0.15680032512890946,0.0012648536158665234,3.0826595841849667,0.2140962085996194,0.003447960459187792,0.7810816929598434,0.003384819535417457,0.3609429639960745
wavelet-LLH_firstorder_Skewness,8982.0,0.9703433969300079,0.0033512064343164116,-0.13663450171862504,0.005031736474666836,4.46820570474415,0.10708816065908262,0.007860527722115129,0.9965688941443325,0.010622554779852212,0.2498540346369113
wavelet-LLH_firstorder_TotalEnergy,10072.0,0.1582863392081857,0.1251117068811438,0.1815149945259496,0.0001840367760321454,0.45254891088666227,0.7974991936320531,-0.004928188181889611,0.7731864137461557,0.0009257311037114035,0.8560725807349723
wavelet-LLH_glcm_ClusterProminence,8523.0,0.589182944197419,0.047922252010723865,-0.09389870317992206,0.05449688788415392,2.735827788397046,0.25463760685608716,0.0023434005999905918,0.8716329976425493,0.0848722024425348,0.4127438321599484
wavelet-LLH_glcm_ClusterShade,8917.0,0.9653197911642499,0.0039097408400357025,-0.0323789723088858,0.5081203138164458,4.0638161526457,0.13108516187849617,0.006572662906514967,0.9965688941443325,0.5746598787209805,0.273694294032025
wavelet-LLH_glrlm_RunEntropy,9106.0,0.8466069063354291,0.017202859696157313,0.0359556013771746,0.46239300507800296,3.944810999812148,0.13912179591585028,0.006193665604497287,0.9462077188454796,0.5260758740408418,0.27824359183170055
wavelet-LLH_glrlm_RunVariance,9691.0,0.35200860483083873,0.08255138516532612,0.17961607053508918,0.00021543025330823747,2.1316885592525523,0.3444369308906624,0.0004193903160909309,0.779134932346184,0.001023293703214128,0.5073102082885725
wavelet-LLH_glrlm_ShortRunHighGrayLevelEmphasis,9000.0,0.9522653530846166,0.00536193029490617,0.05590662173578542,0.2529454084487672,3.0773431621011014,0.21466607858713904,0.003431029178665928,0.9965688941443325,0.324727213549093,0.3609429639960745
wavelet-LLH_glszm_GrayLevelVariance,9078.0,0.8743288764782329,0.014075067024128751,-0.004949880119071867,0.9194388100127309,5.351656899261911,0.0688497661979502,0.010674066558158953,0.9613363189516781,0.9328641016748096,0.20764215202556413
wavelet-LLH_glszm_SmallAreaHighGrayLevelEmphasis,9311.0,0.6514113485627003,0.04010277033065246,0.10614444465625647,0.029631733584196317,2.6639943817535823,0.2639495768451277,0.0021146317890241473,0.8946594828582056,0.04982326885838319,0.4164601288336921
wavelet-LLH_glszm_ZoneEntropy,9572.0,0.43496151737731725,0.06925826630920473,0.17663526116210368,0.00027497638997662263,1.6659628041944643,0.43475118410867253,-0.0010638127254953367,0.7810816929598434,0.001193816289679829,0.5688372593390764
wavelet-LLH_gldm_DependenceEntropy,8355.0,0.452205190660962,0.06668900804289546,-0.19513757993565184,5.6738481048213116e-05,0.37249877442923207,0.8300665611795756,-0.005183124922199898,0.7810816929598434,0.00041462736150617275,0.885461093034331
wavelet-LLH_gldm_DependenceVariance,9476.0,0.509417540746929,0.05853440571939239,0.07723867772411291,0.11397725002729361,6.65524583927845,0.03587828935960527,0.014825623691969587,0.8065777728493043,0.15692519931294047,0.14819293431141306
wavelet-LLH_gldm_LargeDependenceHighGrayLevelEmphasis,10039.0,0.17091489145967653,0.12142537980339596,0.2173659745840494,6.94849058988997e-06,4.673256939163252,0.09665295789732856,0.00851355713109316,0.7731864137461557,0.00010155486246762263,0.24485416000656568
wavelet-LLH_gldm_LargeDependenceLowGrayLevelEmphasis,9251.0,0.706777934060727,0.033400357462019636,0.024743669092188433,0.6130950272637494,1.82545302508845,0.40142823148512524,-0.0005558820857055733,0.9023821686566061,0.673341359422615,0.5526910433490855
wavelet-LLH_gldm_SmallDependenceHighGrayLevelEmphasis,8486.0,0.5574388190019466,0.05205540661304742,-0.07189169853460345,0.141330557068301,1.8721896406603946,0.392156289741649,-0.0004070393609541573,0.8444163400357283,0.19180575602126565,0.5519236670438024
wavelet-LLH_ngtdm_Complexity,9198.0,0.7570223909130454,0.027479892761394176,0.08609881172291407,0.07798215528182666,2.7225351745427133,0.25633564313091534,0.0023010674348494056,0.9103433814777128,0.11575476174646145,0.4127438321599484
wavelet-LLH_ngtdm_Strength,8091.0,0.27816454512939814,0.09617962466487939,-0.18496955113118058,0.0001376253318988519,0.8292170677098056,0.6605988321728942,-0.0037286080646184534,0.779134932346184,0.0008148275197096541,0.7606895643203023
wavelet-LHL_firstorder_90Percentile,8768.0,0.8171149252158284,0.020554066130473614,-0.12720652118178752,0.009059557892067827,6.228380291998178,0.04441446181610752,0.013466179273879548,0.9329946901539725,0.017799843176761223,0.16877495490120858
wavelet-LHL_firstorder_Kurtosis,9587.0,0.4239231624522538,0.07093386952636282,0.20878326244768455,1.6057252190007435e-05,4.412521255154047,0.11011162801917361,0.007683188710681679,0.7810816929598434,0.00014527990076673394,0.2498540346369113
wavelet-LHL_firstorder_Maximum,9885.0,0.2399185843536883,0.10422252010723865,0.1658312065953094,0.0006447547742528266,6.424469595493747,0.040266525105529215,0.014090667501572443,0.779134932346184,0.002152689359158938,0.16277956957554365
wavelet-LHL_firstorder_Mean,10349.0,0.0784163029585607,0.15605451295799821,0.15723805799048407,0.0012251885997360816,0.49207042936711787,0.7818946902665738,-0.004802323473353128,0.7731864137461557,0.0033255119135693644,0.8489142351465658
wavelet-LHL_firstorder_Median,9766.0,0.3052595599654868,0.09092940125111704,0.20941954484447795,1.510806958953908e-05,2.531464814646597,0.28203265769410013,0.0016925631039700541,0.779134932346184,0.00014527990076673394,0.43214681420870177
wavelet-LHL_firstorder_Range,9866.0,0.2496312851595488,0.10210008936550485,0.16975112704008807,0.00047604728449934054,9.105523889217693,0.010538058618696373,0.02262905697203087,0.779134932346184,0.0018089796810974942,0.10011155687761555
wavelet-LHL_firstorder_Skewness,9656.0,0.37529898017603525,0.07864164432529042,-0.050406688401953996,0.3027254981493385,2.660920580738434,0.2643555529763042,0.0021048426138166694,0.7810816929598434,0.3734924977167164,0.4164601288336921
wavelet-LHL_glcm_ClusterProminence,9133.0,0.8200532276616495,0.02021894548704206,-0.03776744073776672,0.44013164954334194,5.7317168513422985,0.05693423633872324,0.011884448571153818,0.9329946901539725,0.5068182631105149,0.18604538629902284
wavelet-LHL_glcm_ClusterShade,10243.0,0.10387254747263201,0.14421358355674707,-0.017043950623436027,0.7276289021839362,1.2255311968813203,0.5418502547630143,-0.0024664611564289163,0.7731864137461557,0.7899970937997022,0.6728859372874034
wavelet-LHL_glcm_DifferenceVariance,9206.0,0.7493660962599213,0.02837354781054513,-0.0882997944853633,0.07064594803106841,5.944275747383244,0.051193747491953726,0.012561387730519886,0.9103433814777128,0.10652960417383332,0.17746282784407097
wavelet-LHL_glrlm_LongRunHighGrayLevelEmphasis,10146.0,0.13255109538056553,0.13337801608579092,0.21075028011800823,1.3292412628184367e-05,9.972981177283827,0.00682959032674078,0.025391659800266968,0.7731864137461557,0.00014527990076673394,0.09579906883978727
wavelet-LHL_glrlm_RunEntropy,9287.0,0.6733489792038074,0.037421805183199375,-0.11124094860271524,0.022604876655786373,1.8530055646228902,0.3959359662025586,-0.0004681351445130884,0.8946594828582056,0.040518175137730296,0.5526910433490855
wavelet-LHL_glszm_GrayLevelVariance,9246.0,0.7114677030878401,0.032841823056300345,0.00014696600668070214,0.9976040116582725,7.414039682266207,0.02455057898441602,0.01724216459320448,0.9023821686566061,0.9976040116582725,0.12517826979576435
wavelet-LHL_glszm_LargeAreaLowGrayLevelEmphasis,9701.0,0.345525995145999,0.08366845397676492,0.18171097771646502,0.0001810530426011913,2.268367730089267,0.32168455223799086,0.0008546742996473467,0.779134932346184,0.0009257311037114035,0.4775005072282677
wavelet-LHL_glszm_SmallAreaHighGrayLevelEmphasis,9850.0,0.25802087656202244,0.10031277926720295,0.11812508272473088,0.015430481970852077,10.147006321003232,0.006260450319083184,0.025945880003195008,0.779134932346184,0.02902763935110787,0.09579906883978727
wavelet-LHL_glszm_ZoneEntropy,9908.0,0.22852146673661822,0.10679177837354792,0.16982982827765866,0.0004731246444897745,9.448511176388934,0.008877319832544648,0.023721373173213163,0.779134932346184,0.0018089796810974942,0.09762550416726831
wavelet-LHL_gldm_DependenceEntropy,9014.0,0.9382211383253963,0.006925826630920451,-0.15470370705106468,0.0014717337400751366,1.0664206710630424,0.5867183801431815,-0.002973182576232349,0.9965688941443325,0.003679334350187841,0.696728076420028
wavelet-LHL_gldm_DependenceVariance,9763.0,0.3070465556267401,0.09059428060768537,0.07930715155504386,0.1045837744523384,10.954996213491427,0.004179773975536103,0.028519096221310276,0.779134932346184,0.1450431908463087,0.07941570553518595
wavelet-LHL_gldm_LargeDependenceEmphasis,9713.0,0.3378479957209809,0.08500893655049158,0.12752799862829864,0.008884982421127334,9.908824840823172,0.007052222804653936,0.025187340257398636,0.779134932346184,0.017769964842254668,0.09579906883978727
wavelet-LHL_gldm_LargeDependenceLowGrayLevelEmphasis,8939.0,0.9874312677379209,0.0014521894548704672,-0.009173826866378637,0.8513069329725489,8.075164944540802,0.017640066258312156,0.019347659059047142,0.9977096645192451,0.8903883481239981,0.111720419635977
wavelet-LHL_gldm_SmallDependenceHighGrayLevelEmphasis,9224.0,0.732230509745369,0.030384271671134888,-0.013015559342527443,0.7902731724345277,8.080086376867484,0.017596712424763468,0.019363332410406,0.9093058617752948,0.8483158348167246,0.111720419635977
wavelet-LHL_ngtdm_Complexity,9593.0,0.4195541096179144,0.07160411081322615,0.06773199594970482,0.16588511912992904,7.800152627408238,0.020240366769504248,0.018471823654166362,0.7810816929598434,0.2188761988519897,0.11890225748899123
wavelet-LHL_ngtdm_Strength,8117.0,0.2929440682484612,0.09327524575513857,-0.15990252260636523,0.0010074293714501885,2.074805289183473,0.35437392266917117,0.0002382334050429082,0.779134932346184,0.0030174735513991144,0.5179311177472502
wavelet-LHH_firstorder_Kurtosis,9690.0,0.35266107464090435,0.0824396782841823,0.18277164798237538,0.00016567593607832285,4.427828421191407,0.10927209634361788,0.007731937647106391,0.779134932346184,0.0008993836529966098,0.2498540346369113
wavelet-LHH_firstorder_Maximum,9731.0,0.3265381904278366,0.08701966041108133,0.1331576179144746,0.0062766737852443626,5.486651766329942,0.06435595019030155,0.011103986516974338,0.779134932346184,0.012962695860830748,0.20045295960913598
wavelet-LHH_firstorder_Mean,7997.0,0.22900883428836138,0.10668007149240388,-0.17769276626954658,0.0002522823562441379,0.7338363010851481,0.6928663534586829,-0.004032368467881694,0.779134932346184,0.0011412773258663383,0.788291060821256
wavelet-LHH_firstorder_Median,8327.0,0.43126375455287513,0.06981680071492402,-0.12587758234954963,0.009814038386046702,5.799465027052179,0.055037939992127374,0.012100207092522863,0.7810816929598434,0.019027217279070134,0.18345979997375791
wavelet-LHH_firstorder_Minimum,8211.0,0.35070595989083275,0.08277479892761397,-0.18144288023978442,0.0001851462207422807,8.317841110863128,0.015624414509846517,0.02012051309192079,0.779134932346184,0.0009257311037114035,0.1060228127453871
wavelet-LHH_firstorder_Skewness,8601.0,0.6586915983648218,0.039209115281501394,-0.04927210740858604,0.3137520678595336,4.21795222150331,0.12136216425526103,0.007063542106698441,0.8946594828582056,0.38213392880327807,0.2628438577635407
wavelet-LHH_glcm_JointEntropy,8715.0,0.7656642785111687,0.026474530831099186,-0.047319033544484114,0.33334237316744,4.211764755021818,0.12173820780627147,0.007043836799432541,0.9149447353278116,0.4034079675274751,0.2628438577635407
wavelet-LHH_glcm_SumAverage,8968.0,0.9844151185218478,0.0017873100983021306,0.12423033122926813,0.010826329775615423,6.74445750532459,0.03431307669675258,0.01510973727810379,0.9977096645192451,0.020777804619867987,0.14817010391779523
wavelet-LHH_glrlm_LongRunLowGrayLevelEmphasis,8560.0,0.6217364157016356,0.04378909740840031,-0.14594674010933978,0.0027160325766923603,6.24436047009101,0.044061000286255377,0.013517071560799395,0.8946594828582056,0.0064028553250977905,0.16877495490120858
wavelet-LHH_glrlm_RunEntropy,9502.0,0.48861609649881477,0.0614387846291331,-0.008360979953992122,0.8643484603069402,3.550138806912969,0.16947168717043576,0.004936747792716461,0.794764444912409,0.8974109697175883,0.30961173617675763
wavelet-LHH_glrlm_RunVariance,9252.0,0.7058413075940588,0.03351206434316345,0.041855285670970466,0.3922209084419034,4.584570267667459,0.10103531863285908,0.008231115502125666,0.9023821686566061,0.46001217656766447,0.2498540346369113
wavelet-LHH_glszm_GrayLevelNonUniformity,10170.0,0.12494006618487538,0.136058981233244,0.16669979718865646,0.0006031839747909673,2.430371795311741,0.2966548617244402,0.0013706108130947165,0.7731864137461557,0.002122313985375626,0.44733669625114003
wavelet-LHH_glszm_GrayLevelVariance,9109.0,0.8436472894059341,0.017537980339588977,0.08211828609590804,0.09281184430327856,3.4689012987047096,0.17649713247305407,0.004678029613709267,0.9462077188454796,0.13357570326613208,0.3134061230829932
wavelet-LHH_glszm_HighGrayLevelZoneEmphasis,9726.0,0.3296547856737545,0.08646112600536182,0.1703081728466306,0.00045571663611747434,3.6750683950704524,0.15920952172416616,0.005334612723154307,0.779134932346184,0.0018038783512983358,0.2936874672581706
wavelet-LHH_glszm_LowGrayLevelZoneEmphasis,8157.0,0.316693957602312,0.08880697050938335,-0.17786049129998704,0.0002488480348682205,3.500615870078983,0.17372044060242975,0.004779031433372557,0.779134932346184,0.0011412773258663383,0.31138569541944955
wavelet-LHH_glszm_SmallAreaHighGrayLevelEmphasis,9254.0,0.703969392222513,0.0337354781054513,0.168248104492137,0.0005351861300229759,4.53728077085691,0.1034527403608074,0.008080512009098439,0.9023821686566061,0.0019938306804777534,0.2498540346369113
wavelet-LHH_glszm_ZoneEntropy,10018.0,0.17933523935912699,0.11907953529937454,0.14587339133003008,0.0027296383228048475,5.671101868026287,0.05868618471051925,0.011691407223013652,0.7744021699598665,0.0064028553250977905,0.18604538629902284
wavelet-LHH_gldm_DependenceEntropy,8388.0,0.4776078867205741,0.0630026809651475,-0.1478044314952991,0.0023913769964012035,0.8956901491625331,0.639003674275475,-0.0035169103529855633,0.794764444912409,0.00575141302931935,0.740309134831343
wavelet-LHH_gldm_LargeDependenceEmphasis,9419.0,0.5565925551769189,0.05216711349419123,-0.00740313456586417,0.8797635071141011,8.972265521322356,0.01126412073839608,0.022204667265357823,0.8444163400357283,0.908451447563474,0.10119824017967094
wavelet-LHH_gldm_LargeDependenceHighGrayLevelEmphasis,9876.0,0.2444856179985201,0.10321715817694366,0.16337333272805096,0.0007772109018299665,4.382502417511773,0.11177680496914454,0.0075875873169164755,0.779134932346184,0.002420820841765469,0.2498540346369113
wavelet-LHH_ngtdm_Busyness,9964.0,0.20239750479742025,0.11304736371760504,0.19984057769425775,3.7075071758955955e-05,0.36257005378740814,0.8341975560691856,-0.0052147450516324585,0.779134932346184,0.0002935109847584013,0.885461093034331
wavelet-LHH_ngtdm_Complexity,9725.0,0.3302804792909212,0.08634941912421801,0.15544563730481425,0.0013952136098222294,6.775519022560616,0.033784285478377335,0.015208659307517884,0.779134932346184,0.0036313778885784056,0.14817010391779523
wavelet-HLL_firstorder_90Percentile,8989.0,0.963310723030324,0.004133154602323552,-0.13663595598062364,0.005031266015621839,4.501133480248313,0.10533950751587157,0.00796539324919845,0.9965688941443325,0.010622554779852212,0.2498540346369113
wavelet-HLL_firstorder_Kurtosis,8950.0,0.9984916906444986,0.00022341376228773857,0.21787530846284853,6.6044391390670575e-06,1.8302765161712387,0.40046125525665766,-0.0005405206491361826,0.9984916906444986,0.00010155486246762263,0.5526910433490855
wavelet-HLL_firstorder_Maximum,9819.0,0.2748272529118365,0.09684986595174272,0.1359672520957441,0.005251821657143494,3.8201767285094093,0.14806730216057123,0.005796741173596845,0.779134932346184,0.010965341921508396,0.28132787410508536
wavelet-HLL_firstorder_Mean,9975.0,0.19753248489216313,0.11427613941018766,0.21308573934291503,1.0596413091936207e-05,0.9321286376081162,0.6274669248272353,-0.0034008642114391205,0.779134932346184,0.00012583240546674247,0.7359179982541649
wavelet-HLL_firstorder_Median,9620.0,0.40022356604910636,0.0746201966041109,0.24438145755250062,3.967999044929263e-07,4.131120736523258,0.12674724553051794,0.006787008715042221,0.7810816929598434,1.50783963707312e-05,0.27058400731234167
wavelet-HLL_firstorder_Range,9162.0,0.7917614329594591,0.023458445040214437,0.14174982552624202,0.0036020274957073734,5.084553529511936,0.07868704380437233,0.009823418883795974,0.9329946901539725,0.008245605110655432,0.2198608576886874
wavelet-HLL_firstorder_Skewness,9616.0,0.4030530909502047,0.0741733690795352,-0.05354567015349165,0.2735714636684785,1.5306406063720033,0.4651849069013846,-0.0014947751389426647,0.7810816929598434,0.34196432958559814,0.5892342154084205
wavelet-HLL_glcm_ClusterProminence,8337.0,0.4386775164866611,0.06869973190348522,-0.05433781521860417,0.2665270101359092,5.364819539035466,0.06839813166829252,0.01071598579310658,0.7810816929598434,0.33760087950548495,0.20764215202556413
wavelet-HLL_glcm_ClusterShade,10366.0,0.07485132827023175,0.15795352993744416,-0.02989825797376724,0.541171470030892,0.175838024163113,0.915835045293862,-0.005809433044066519,0.7731864137461557,0.6082898760831019,0.9452917840550741
wavelet-HLL_glrlm_LongRunHighGrayLevelEmphasis,9209.0,0.746501295881434,0.028708668453976793,0.22839432767791987,2.251897479161549e-06,3.8548491112101146,0.14552250138911113,0.005907162774554505,0.9103433814777128,4.754005789341047e-05,0.28132787410508536
wavelet-HLL_glrlm_RunEntropy,8939.0,0.9874312677379209,0.0014521894548704672,-0.11591871063840452,0.01747476310811802,1.0369649571820219,0.5954234305283604,-0.00306699058222286,0.9977096645192451,0.03255102931904337,0.7026736136670092
wavelet-HLL_glrlm_ShortRunHighGrayLevelEmphasis,8380.0,0.47137891346032557,0.06389633601429845,0.11867804446348758,0.014952249649305584,7.750557856616865,0.02074854970862307,0.018313878524257532,0.794764444912409,0.028409274333680613,0.11890225748899123
wavelet-HLL_glszm_GrayLevelVariance,8179.0,0.3302804792909212,0.08634941912421801,0.0013244049565952446,0.9784108054093055,6.350910116473642,0.04177508966026892,0.013856401644820516,0.779134932346184,0.9835875821575029,0.16535972990523112
wavelet-HLL_glszm_ZoneEntropy,9660.0,0.37259003558518944,0.0790884718498659,0.15557634979504015,0.0013821173335929764,5.269555248474489,0.07173491974253515,0.010412596332721303,0.7810816929598434,0.0036313778885784056,0.20968668847817967
wavelet-HLL_gldm_DependenceEntropy,9114.0,0.8387195335812824,0.018096514745308268,-0.17356899251049537,0.00035201826212529446,1.0785354101667508,0.5831751522461008,-0.0029346006045644878,0.9462077188454796,0.0014539884739957815,0.696728076420028
wavelet-HLL_gldm_DependenceVariance,9519.0,0.4752667598045852,0.06333780160857905,0.09334035211728821,0.055955553680993114,9.31902260965478,0.009471089746776238,0.02330898920272223,0.794764444912409,0.08643540812511132,0.09762550416726831
wavelet-HLL_gldm_LargeDependenceEmphasis,9288.0,0.6724291762616865,0.03753351206434319,0.15507753792952492,0.0014327091033469604,7.979236763451354,0.018506775296048373,0.019042155297615777,0.8946594828582056,0.003678577427512466,0.11342862278223195
wavelet-HLL_gldm_LargeDependenceLowGrayLevelEmphasis,9772.0,0.3017063068438389,0.09159964253798036,-0.004727634667758442,0.9230444795519168,11.177798200375037,0.0037391420203850122,0.029228656689092473,0.779134932346184,0.9328641016748096,0.07941570553518595
wavelet-HLL_gldm_SmallDependenceHighGrayLevelEmphasis,8170.0,0.3246774180635137,0.087354781054513,-0.010987377123439687,0.8223605479637623,7.571148063634951,0.0226958309076704,0.017742509756799207,0.779134932346184,0.872896671022988,0.1232059392130679
wavelet-HLL_ngtdm_Complexity,8654.0,0.7077150046801717,0.03328865058087582,0.043805707645545554,0.3705175955997475,8.483722235930145,0.014380802551847975,0.020648796929713838,0.9023821686566061,0.4399896447747002,0.10119824017967094
wavelet-HLL_ngtdm_Strength,7502.0,0.06773833694031205,0.1619749776586238,-0.16509432348614317,0.0006820874492320517,0.49481623931535523,0.7808219597041287,-0.004793578855683582,0.7731864137461557,0.0022169941918302113,0.8489142351465658
wavelet-HLH_firstorder_Kurtosis,9301.0,0.6605167613859846,0.038985701519213656,0.22685452085588692,2.6446369027225283e-06,2.4496966216996725,0.2938022635592432,0.001432154846177301,0.8946594828582056,5.023632685391352e-05,0.44657944061004967
wavelet-HLH_firstorder_Maximum,9399.0,0.5736357330706607,0.04993297587131362,0.11030551595833023,0.023774372425349185,2.73662685872614,0.2545358904989158,0.0023459454099558604,0.8581951912080752,0.04182528482237357,0.4127438321599484
wavelet-HLH_firstorder_Mean,7804.0,0.148136333895156,0.1282394995531725,-0.20217817553975068,2.9896085808714605e-05,1.6871588372332553,0.4301680130366482,-0.000996309435562881,0.7731864137461557,0.000246967665376338,0.5688372593390764
wavelet-HLH_firstorder_Median,7507.0,0.06869168148412771,0.16141644325290438,-0.13769423099147748,0.004699232649169376,8.685821996073742,0.012998634077052955,0.02129242673908835,0.7731864137461557,0.010262691992438866,0.10119824017967094
wavelet-HLH_firstorder_Minimum,8312.0,0.420280441202206,0.07149240393208223,-0.14543424107207312,0.0028124038975737347,4.424035155900469,0.10947954203072763,0.007719857184396399,0.7810816929598434,0.006516545616329385,0.2498540346369113
wavelet-HLH_firstorder_Skewness,8171.0,0.32529690711685544,0.08724307417336907,0.010086761222197293,0.8367079080995434,3.0824783667786733,0.21411560845831404,0.0034473833336900422,0.779134932346184,0.8831916807717404,0.3609429639960745
wavelet-HLH_glcm_JointEntropy,8560.0,0.6217364157016356,0.04378909740840031,-0.07125806802733688,0.1448798719612549,3.7983044893453553,0.14969547057824034,0.005727084360972469,0.8946594828582056,0.19522819625984703,0.28160534069173926
wavelet-HLH_glcm_SumAverage,8840.0,0.8882501512474016,0.01251117068811436,0.046150234621737646,0.34543421084881243,13.240742771159375,0.0013329358205354976,0.03579854385719546,0.9643858784971789,0.41539557000806554,0.06331445147543613
wavelet-HLH_glrlm_LongRunLowGrayLevelEmphasis,8859.0,0.9071977704766082,0.010388739946380676,-0.0803939985369288,0.0998996065187392,11.178590268319795,0.0037376614863076367,0.029231179198470684,0.9793612294917929,0.1405994462115589,0.07941570553518595
wavelet-HLH_glrlm_RunEntropy,9336.0,0.6288764701435654,0.04289544235924936,-0.049315478634073304,0.31332577873269857,1.1418240652170653,0.5650098961900142,-0.002733044378289601,0.8946594828582056,0.38213392880327807,0.6900850256139747
wavelet-HLH_glrlm_RunVariance,9967.0,0.20106210416672288,0.1133824843610367,0.006493536458159917,0.8944443355642158,4.929482043460439,0.08503086066561977,0.009329560647963182,0.779134932346184,0.9136796976193602,0.22500329035646252
wavelet-HLH_glszm_GrayLevelNonUniformity,9909.0,0.2280347634413613,0.10690348525469173,0.1487685029792329,0.0022372259937510877,1.650291456347356,0.43817113393296214,-0.0011137214766007769,0.779134932346184,0.005449653061701368,0.5688372593390764
wavelet-HLH_glszm_GrayLevelVariance,8987.0,0.9653197897708189,0.0039097408400357025,0.03874530518347994,0.42837617405739425,5.008828286733433,0.08172346219556406,0.009582255690233863,0.9965688941443325,0.4993341906190485,0.22500329035646252
wavelet-HLH_glszm_HighGrayLevelZoneEmphasis,9201.0,0.7541483438706837,0.02781501340482584,0.0953612160958194,0.050825331434687704,6.865067734334361,0.032304980449175874,0.015493846287689048,0.9103433814777128,0.079808371674303,0.1461415782224623
wavelet-HLH_glszm_LowGrayLevelZoneEmphasis,8414.0,0.4981594808287645,0.06009830205540656,-0.1068371866365244,0.028578328964582764,7.269065572967861,0.02639626419827989,0.016780463608177903,0.8004947550401498,0.048481093779202906,0.1280758663728928
wavelet-HLH_glszm_SmallAreaHighGrayLevelEmphasis,9576.0,0.4320018454729886,0.06970509383378021,0.09949401899189608,0.04154963153047033,9.258403199008512,0.009762550416726832,0.02311593375480418,0.7810816929598434,0.06924938588411722,0.09762550416726831
wavelet-HLH_glszm_ZoneEntropy,9216.5,0.7393546632531915,0.02954647006255584,0.18320456239829025,0.00015975880076557372,3.6933313676518926,0.1577623197677175,0.005392775056216218,0.9103433814777128,0.0008927697689840884,0.2936874672581706
wavelet-HLH_gldm_DependenceEntropy,8463.0,0.5381348576073183,0.05462466487935658,-0.15773823857317443,0.0011812679643936263,0.05922272674195028,0.9708227575260983,-0.006180819341586145,0.8444163400357283,0.0033006016652174855,0.9743490952717948
wavelet-HLH_gldm_LargeDependenceEmphasis,9586.0,0.4246539164882014,0.07082216264521901,-0.00907450932635751,0.852898312413514,6.967721019972146,0.030688707989380812,0.015820767579529126,0.7810816929598434,0.8903883481239981,0.14221596385322816
wavelet-HLH_gldm_LargeDependenceHighGrayLevelEmphasis,9553.0,0.44917882783113217,0.06713583556747094,0.0969125328547578,0.047158826274614415,4.310541125218151,0.11587183578513963,0.007358411226809398,0.7810816929598434,0.07529560497627512,0.25599591626949453
wavelet-HLH_gldm_SmallDependenceHighGrayLevelEmphasis,8756.0,0.8053877909517163,0.021894548704200156,-0.011294140860318033,0.8174868427126749,9.427502871745446,0.008971060020965758,0.02365446774441225,0.9329946901539725,0.8725983152551025,0.09762550416726831
wavelet-HLH_ngtdm_Busyness,9853.0,0.25643311544487435,0.10064789991063439,0.2093943091215613,1.5144677864591642e-05,0.6063504623325571,0.7384696821284487,-0.004438374323781666,0.779134932346184,0.00014527990076673394,0.8293588946511525
wavelet-HLH_ngtdm_Complexity,9304.0,0.65777977787289,0.03932082216264532,0.1384465977136875,0.0044753397527868026,7.374908623491592,0.025035653959152873,0.017117543386915898,0.8946594828582056,0.00988737852359875,0.12517826979576435
wavelet-HHL_firstorder_Kurtosis,9743.0,0.3191365993998194,0.08836014298480777,0.14103150564376363,0.0037775931901355697,14.594043526206747,0.0006775536886546956,0.040108418873269894,0.779134932346184,0.008544556025306646,0.06331445147543613
wavelet-HHL_firstorder_Maximum,9856.0,0.25485215226218105,0.10098302055406605,0.0822127670282201,0.09243540987599774,8.741859052568884,0.012639486371130338,0.021470888702448676,0.779134932346184,0.13357570326613208,0.10119824017967094
wavelet-HHL_firstorder_Mean,8377.0,0.46905465116029255,0.06423145665773011,-0.1672771707460218,0.0005769412346313998,0.5575051309357377,0.7567271204730901,-0.004593932704026313,0.794764444912409,0.002084545047883256,0.8359194935458553
wavelet-HHL_firstorder_Median,8132.0,0.3017063068438389,0.09159964253798036,-0.060341350928063815,0.2171772077306477,4.6771107842922675,0.09646689445432477,0.008525830523223782,0.779134932346184,0.2845770308194694,0.24485416000656568
wavelet-HHL_firstorder_Skewness,9023.0,0.9292025760749849,0.007931188561215441,-0.05550225135535487,0.25639930799241645,1.7244459808740658,0.4222224418482813,-0.0008775605704647588,0.9965688941443325,0.3269521377084505,0.5688372593390764
wavelet-HHL_glcm_ClusterProminence,9065.0,0.8872545781065996,0.012622877569258284,-0.03812493255494871,0.43581279669999884,11.081590553513365,0.003923405404143165,0.028922262909278233,0.9643858784971789,0.5049050693475596,0.07941570553518595
wavelet-HHL_glcm_ClusterShade,8477.0,0.5498450820683233,0.053060768543342296,-0.08194561054459736,0.09350299228629244,3.1606040913948164,0.20591289370747082,0.003696191373868842,0.8444163400357283,0.13357570326613208,0.3556677254947223
wavelet-HHL_glrlm_RunEntropy,9310.0,0.6523195824232209,0.039991063449508424,-0.07191282810599467,0.1412133562449877,11.179024231873768,0.0037368505698567893,0.02923256124800563,0.8946594828582056,0.19180575602126565,0.07941570553518595
wavelet-HHL_glszm_GrayLevelVariance,9588.0,0.423193144458493,0.07104557640750664,0.006563169944445186,0.8933191179298015,12.035664678910962,0.002434942006276393,0.031960715537933,0.7810816929598434,0.9136796976193602,0.07941570553518595
wavelet-HHL_glszm_LargeAreaLowGrayLevelEmphasis,9746.0,0.31730349430923155,0.08869526362823943,0.16717562904059105,0.0005814783554621714,4.96719505798751,0.0834424981722435,0.00944966578976914,0.779134932346184,0.002084545047883256,0.22500329035646252
wavelet-HHL_glszm_SizeZoneNonUniformity,9957.0,0.20553853127143462,0.1122654155495979,0.189573795067457,9.266692615226142e-05,4.002692708534028,0.13515319660461178,0.0063780022564777945,0.779134932346184,0.0005679585796428925,0.2761194339234004
wavelet-HHL_glszm_ZoneEntropy,10046.0,0.16817494524162857,0.1222073279714031,0.026851493541904674,0.5831764809081869,9.906938112865987,0.007058878756615903,0.0251813315696369,0.7731864137461557,0.6479738676757631,0.09579906883978727
wavelet-HHL_gldm_DependenceVariance,8586.0,0.6450682512973767,0.04088471849865949,-0.19457760352137252,5.9647566937652545e-05,2.615537390920281,0.27042277928054437,0.0019603101621664992,0.8946594828582056,0.00041650523132269257,0.4211502300270773
wavelet-HHL_gldm_LargeDependenceHighGrayLevelEmphasis,10126.0,0.13916372282749345,0.1311438784629133,0.16580990593427128,0.0006458068077476814,3.5143654681962744,0.17253024335205053,0.004822819962408517,0.7731864137461557,0.002152689359158938,0.31138569541944955
wavelet-HHL_gldm_LargeDependenceLowGrayLevelEmphasis,8489.0,0.5599813623394829,0.051720285969615754,-0.0540853724446142,0.2687583232405071,13.264353398296976,0.00131729261336635,0.035873736937251516,0.8444163400357283,0.33817272460726056,0.06331445147543613
wavelet-HHL_ngtdm_Busyness,9696.0,0.3487577312014307,0.08310991957104563,0.19425629716450832,6.137971830018627e-05,1.9529012106692107,0.376645592985688,-0.00014999614436557088,0.779134932346184,0.00041650523132269257,0.5380651328366972
wavelet-HHH_firstorder_InterquartileRange,8393.0,0.48152374380720686,0.06244414655942809,-0.05600251748286869,0.2521310820466102,13.49705737084173,0.0011726036210099793,0.036614832391215706,0.794764444912409,0.324727213549093,0.06331445147543613
wavelet-HHH_firstorder_Kurtosis,9676.0,0.36187587792392595,0.08087578194816802,0.11275868486029908,0.02081329775913539,9.668375985531839,0.007953143713926893,0.02442157957175745,0.7810816929598434,0.038024293983035806,0.09762550416726831
wavelet-HHH_firstorder_Maximum,10061.0,0.1624148728429049,0.1238829311885612,0.10953578363696065,0.02477557779666516,8.707193319061957,0.01286047455100763,0.02136048827726738,0.7731864137461557,0.043186786985012666,0.10119824017967094
wavelet-HHH_firstorder_Minimum,8262.0,0.38487574264914104,0.07707774798927614,-0.09774197546289291,0.04529115073966682,6.673433058342425,0.03555350517390847,0.014883544771791163,0.7810816929598434,0.07418378138393704,0.14819293431141306
wavelet-HHH_firstorder_Skewness,8679.0,0.7312823456589643,0.030495978552278813,0.029670452108929806,0.5442593628111965,1.801659291743249,0.4062324907856232,-0.0006316583065501624,0.9093058617752948,0.6082898760831019,0.5552818219371827
wavelet-HHH_glcm_Autocorrelation,11278.0,0.0033816731462633174,0.2598302055406614,0.026229497130626805,0.5919344074570194,5.668888265226315,0.05875117462074405,0.011684357532567882,0.32125894889501516,0.6538810314932191,0.18604538629902284
wavelet-HHH_glrlm_LowGrayLevelRunEmphasis,7329.0,0.04087772276955585,0.18130026809651478,-0.04340304816158393,0.3749362319014985,7.467106376475613,0.023907736051932797,0.01741116680406246,0.7060697569286919,0.442471329573197,0.12517826979576435
wavelet-HHH_glszm_GrayLevelNonUniformity,10459.0,0.05665374266692699,0.16834226988382484,0.15926667699015054,0.001055881239742732,3.2256628364531217,0.1993224491281283,0.0039033848294685405,0.7731864137461557,0.003086422085401832,0.3474428012325172
wavelet-HHH_glszm_GrayLevelNonUniformityNormalized,7563.5,0.07767251391398697,0.15510500446827524,-0.05846664743692377,0.23182858642257928,6.182625580460829,0.045442259075710034,0.013320463632040858,0.7731864137461557,0.3016947357554114,0.16929469067421385
wavelet-HHH_glszm_LargeAreaLowGrayLevelEmphasis,9234.0,0.7227674900950091,0.03150134048257369,0.21550528912926945,8.356297430245029e-06,0.05197125103563849,0.9743490952717948,-0.006203913213262298,0.9093058617752948,0.00010584643411643704,0.9743490952717948
wavelet-HHH_glszm_LowGrayLevelZoneEmphasis,8321.0,0.4241108691029024,0.07048704200178735,-0.014020398856282078,0.7745025254275226,1.1234374605343054,0.570228152744179,-0.002791600444158263,0.7810816929598434,0.8361106808592574,0.6900850256139747
wavelet-HHH_glszm_SizeZoneNonUniformity,11061.0,0.006383188691350527,0.23558981233243959,0.15978253993980496,0.0010164121436291754,1.9141768863363047,0.38400932487210154,-0.0002733220180372463,0.335551204167807,0.0030174735513991144,0.5444908337738753
wavelet-HHH_glszm_SizeZoneNonUniformityNormalized,10780.0,0.020461733908387382,0.20420017873100993,0.050619592228750815,0.3006853340337661,1.397738838032815,0.497147051183231,-0.0019180291782394424,0.5327816300655887,0.373400088015788,0.6214338139790387
wavelet-HHH_glszm_SmallAreaEmphasis,11090.0,0.0070642358772169895,0.23882931188561218,0.13667282579952897,0.005019351725090889,2.974118143368173,0.22603643595062772,0.0031022870807903605,0.335551204167807,0.010622554779852212,0.3767273932510462
wavelet-HHH_glszm_SmallAreaHighGrayLevelEmphasis,10863.0,0.016052383710402282,0.2134718498659518,0.09236719420576339,0.05857528180458955,0.5076141408605963,0.7758414703693244,-0.00475282120745033,0.5083254841627389,0.0897524479263872,0.8489142351465658
wavelet-HHH_glszm_SmallAreaLowGrayLevelEmphasis,10208.0,0.11359169898185907,0.14030384271671137,0.13954088709521228,0.004166867034390796,2.3401901417608997,0.31033743580969353,0.0010834080947799353,0.7731864137461557,0.009314173370991191,0.4642843527861557
wavelet-HHH_glszm_ZoneEntropy,9884.5,0.238366696256466,0.10416666666666674,0.1156137207858772,0.017775192144909257,0.5966558557033458,0.7420579583720839,-0.0044692488671867975,0.779134932346184,0.03278918939352193,0.8293588946511525
wavelet-HHH_glszm_ZoneVariance,10169.5,0.1250948622034477,0.1360031277926721,0.20438504705105445,2.4343559998111007e-05,0.2522494205145353,0.8815049072245005,-0.005566084648042881,0.7731864137461557,0.00021023983634732235,0.920252375673929
wavelet-HHH_gldm_DependenceEntropy,8241.0,0.37056629894324766,0.07942359249329756,-0.16345853537220345,0.0007722266716057527,1.6506440289409738,0.4380938971744839,-0.0011125986339459433,0.7810816929598434,0.002420820841765469,0.5688372593390764
wavelet-HHH_gldm_LargeDependenceEmphasis,10242.0,0.10414075935510457,0.14410187667560326,0.08937081567491068,0.06728567400688942,5.892750483732698,0.05252976898144318,0.012397294534180566,0.7731864137461557,0.10227422449047191,0.1782260019013251
wavelet-HHH_gldm_LargeDependenceHighGrayLevelEmphasis,11331.0,0.0027218335293720717,0.26575067024128685,0.09791939542672048,0.044899821421542356,4.031726390555377,0.13320537147797815,0.006470466211959801,0.32125894889501516,0.07418231365298303,0.2750980497914766
wavelet-HHH_gldm_LargeDependenceLowGrayLevelEmphasis,8257.0,0.3814384482771175,0.07763628239499554,0.02067164995132225,0.6727145934470873,5.958249634877916,0.05083730632524521,0.012605890556936039,0.7810816929598434,0.734573406637624,0.17746282784407097
wavelet-HHH_gldm_LowGrayLevelEmphasis,6941.0,0.011284981414457437,0.22464253798033962,-0.07065976753215361,0.14829336262204715,3.9563905632676324,0.1383186383809268,0.006230543195119848,0.4288292937493826,0.19842069646611943,0.27824359183170055
wavelet-HHH_ngtdm_Busyness,8585.0,0.6441641853294044,0.040996425379803414,0.18464028910573588,0.0001415226744758873,0.763078918284009,0.6828094424517608,-0.0039392391137451944,0.8946594828582056,0.0008148275197096541,0.7815288799146659
wavelet-HHH_ngtdm_Complexity,9877.0,0.24397517675701652,0.10332886505808747,0.0970589000476744,0.04682463434975968,8.512012375301538,0.014178817015173106,0.02073889291497305,0.779134932346184,0.07529560497627512,0.10119824017967094
wavelet-LLL_firstorder_90Percentile,9556.0,0.446916616206263,0.0674709562109026,0.10852712462370559,0.026142490460909946,0.2749847989906584,0.8715409741232291,-0.005493678984106184,0.7810816929598434,0.04515521079611718,0.9148772656542183
wavelet-LLL_firstorder_Maximum,8897.0,0.9452411183111098,0.00614387846291331,0.164972764292026,0.0006884350385156973,1.1243872069142071,0.5699574309666298,-0.002788575774158576,0.9965688941443325,0.0022169941918302113,0.6900850256139747
wavelet-LLL_firstorder_Minimum,9501.0,0.4894075792355361,0.06132707774798929,-0.11258062786898,0.02101688787749564,7.700234073118482,0.02127724607697738,0.01815361169782956,0.794764444912409,0.038030559016420676,0.11890225748899123
wavelet-LLL_firstorder_Range,8344.0,0.44391044079576436,0.06791778373547808,0.1585705897053067,0.0011113805612236723,5.152804126296246,0.07604712514597778,0.010040777472281038,0.7810816929598434,0.0031516762183954887,0.21565602653336982
wavelet-LLL_firstorder_TotalEnergy,10534.0,0.0462507642730515,0.17672028596961575,0.12715596419113076,0.009087288358662309,1.641504765706145,0.44010040590970645,-0.0011417045678148248,0.7323037676566487,0.017799843176761223,0.5688372593390764
wavelet-LLL_glcm_ClusterProminence,9279.0,0.6807248979878902,0.0365281501340482,-0.08422067512415107,0.0847204429478705,4.488793866329047,0.10599144102635384,0.007926095115697602,0.8981786848451329,0.12382218584688764,0.2498540346369113
wavelet-LLL_glcm_ClusterShade,8827.0,0.8753220167296859,0.013963360142984826,0.10786919938658028,0.027068684341952975,5.937369999046041,0.051370818586441595,0.012539394901420512,0.9613363189516781,0.04633378400874833,0.17746282784407097
wavelet-LLL_glcm_DifferenceVariance,8616.0,0.6724291762616865,0.03753351206434319,-0.17056867891776414,0.0004464885940782891,2.569017173593238,0.27678656679071645,0.0018121566038001213,0.8946594828582056,0.0018038783512983358,0.42755648528647255
wavelet-LLL_glcm_JointEntropy,8659.0,0.7124069752552153,0.03273011617515642,-0.191783880677264,7.638650129354332e-05,0.5793580367623008,0.7485037849804356,-0.004524337462540443,0.9023821686566061,0.00048378117485910774,0.831670872200484
wavelet-LLL_glrlm_LongRunHighGrayLevelEmphasis,9303.0,0.6586915983648218,0.03920911528150128,0.1968897945543019,4.8476795163596604e-05,1.9692405373679094,0.3735810604333742,-9.796007207672171e-05,0.8946594828582056,0.0003684236432433342,0.5377303142601598
wavelet-LLL_glszm_GrayLevelVariance,9081.0,0.8713506495014453,0.014410187667560415,-0.08721354631724249,0.07419283428674779,5.185245619993225,0.07482353458518891,0.010144094331188614,0.9613363189516781,0.11099715365733923,0.21540108441190745
wavelet-LLL_glszm_LargeAreaLowGrayLevelEmphasis,10110.0,0.1446343972041241,0.12935656836461118,0.2322159571205588,1.50368419984112e-06,0.21610058224825934,0.8975824548646801,-0.005681208336788983,0.7731864137461557,3.5712499746226605e-05,0.9319162099687935
wavelet-LLL_glszm_SmallAreaHighGrayLevelEmphasis,8418.0,0.5013625044725148,0.05965147453083108,0.17485019733125026,0.0003176581550358966,4.682408088024204,0.09621172531061364,0.008542700917274534,0.8004947550401498,0.0013412233212626748,0.24485416000656568
wavelet-LLL_glszm_ZoneEntropy,10051.0,0.16623812236012037,0.12276586237712239,0.0796223842294434,0.10320761273544317,1.6018801002619512,0.44890677083816644,-0.0012678977698663977,0.7731864137461557,0.14418710602745738,0.5762992328327813
wavelet-LLL_gldm_DependenceEntropy,9834.0,0.2666040036429599,0.09852546916890081,-0.08506987858650226,0.08161774443213379,1.0752374100047746,0.5841376014406938,-0.0029451037897937115,0.779134932346184,0.12021218172174744,0.696728076420028
wavelet-LLL_gldm_SmallDependenceHighGrayLevelEmphasis,7693.0,0.11273152271257439,0.14063896336014303,-0.09722057976398785,0.046457790524848934,3.8983811378126347,0.14238927926392853,0.0060457998019510665,0.7731864137461557,0.07529560497627512,0.28132787410508536
wavelet-LLL_ngtdm_Complexity,7821.0,0.15423776769293157,0.12634048257372654,-0.07029243806027533,0.15041921371284148,6.0863659953407705,0.047682873214453074,0.013013904443760415,0.7731864137461557,0.19985769654153762,0.17422588289896315
wavelet-LLL_ngtdm_Strength,7297.0,0.037060552734048756,0.18487488829311882,-0.1937295976865496,6.432217325441568e-05,0.09328144873677502,0.9544302395264427,-0.006072352074086703,0.7060697569286919,0.00042142113511513723,0.9697419545990594
